clear_tweet;sentiment
Biden Drops Public Option Betrays Campaign Promise coMQYp8ZidP6 MedicareForAll;0.0
The Memo Biden gambles that he can do it all TheHill coFFkLFpu9Ro coCVqy0njCHO;0.0
Reflecting his philosophy POTUS Oval Office features portraits of Washington Lincoln Jefferson Hamilton and coOs8ACy7LsR;0.0
I think America need comprehensive amp efficient counterextremism strategy To fight extreme ideas from all directi cogXgNoHzHxb;-0.125
Quality memes and the usual financial updates biden bernie inauguration money financialadvice coWPjlDEa8kn;-0.125
I do not waste my Sundays SundayFunday Biden costHZ0e9aNL;0.1
demonocrats Biden 2Stopped construction on the wall on the border with MexicoIt lifted the ban on ent coKwcuktjE5K;0.0
Another American of Palestinian Descent Appointed in Biden AdministrationMaher Bitar was appointed senior direc coqsRh1MDu0c;0.0
Biden Fact Trump incited followers with rhetoric thousands of lunatics stormed Capitol and 5people were killed coq8IRwh1SBk;-0.2
So far Trump was 100 right about JoeBiden He told supporters for months that Biden will destroy the Oil indust coCAESNHNnvy;0.061904761904761886
Biden is an idiot cosSpzaxIjae;-0.8
SenSchumer Do you think youre the king of the American people Its obvious that Biden is a place holder with strings attached;0.0
NEW the Fed meets how will markets respond and what are the prospects amp timing for more US stimulus Find out on coV0V7mLJAyC;0.3181818181818182
SpaceWatchGL Column BidenHarris Space Policy Building on the Space Force and Artemis Artemis Biden co7p4lKCFx2f;0.0
brexit if you have to chose between believing borisjohnson or biden about a possible freetrade deal with cutoff coIiYzlzurV2;0.0
Biden and friends dont need Antifas anymore after the inauguration all major social media had banned the ext coW0rn2f18NO;0.04791666666666666
MrFezziwig5 I cant quite see IanHislop1 or his band of lefties on HIGNFY joking about Bidens compulsion to gro coyOKsSV1kGF;0.0
YELLOW amandagorman inauguration biden laureate damian2649 zerogravitypoet poem poetry waltwhitman covrVRC01g1A;0.0
Joe Biden is a Disaster He hasnt fired anyone via tweet embraced white supremacist or tossed Putins salad yet cozY82r6Xxho;0.0
So Biden is not pulling out of Iraq OR Afghanistan and is already committing more troopsvehicles to Syria as co1hKi5BmHro;0.5
demonocrats Biden returned the USA to the Paris Climate AgreementReturned the USA to BGates NGO coV6Jf8T0n4M;0.0
Biden quickly purges Trump allies from Voice of America parent agency reports coJhvqFayYqf;0.3333333333333333
The difference between Trump and Biden gt coQ1fvclR3go;0.0
Who said that Biden is too old You can see him running there Biden POTUS46 bidenruns co9jxi7HiCL1;0.1
Acting DHS Deputy Head During Capitol Riot Reveals Pelosi Demanded Machine Guns to Be Deployed Against Civilians coc5522jKSrf;0.0
US CDC says another 100000 lives could be lost to COVID19 in just the next month More that 400000 covid death coClxujDSSqQ;0.25
JessiDanielle03 Half of the voters didnt vote for Biden The election was For Trump or Against Trump;-0.16666666666666666
Shree1420 Pray tell me where America is great again Oh yes Because we have a real PRESIDENT now You sure did i coi5E66A7Gex;0.5
Biden fucking up America and we arent even at week 1 coM6tifuSI1f;-0.6
Dramatically Transition Dynamic Experiences with domains biden trump Buy domain cotyKa3FfomD co9tiR4GlrHC;0.0
Check out Jeromy Richardsons video TikTok RobinWilliams on Biden co3QnizD1y7K;0.0
This president came to work No time to waste MyPresidemtBiden Biden BidensAmerica coZBFyDfbNWq;-0.2
Biden I cant confirm this but since his oath of office I dont think Biden has been golfing even once;0.0
Expect to see more of this since the democrats continue impeachment of a President no longer in office biden comEmgibbbq3;0.5
Will he AND more importantly can heBiden Iran US JCPOA cof3PJpgmHot;0.45
Expect another 911 with Biden as president just to give them an excuse to invade a middle east country and gain f colKaw5a0KCF;-0.025
TybrynM JoeBiden BorisJohnson Maggie have reported on Borisjohnson for 13 years Nothing I havent seen he wi copYuouz5nnx;0.0
eric swalwell A DEMOCRAT FROM CALIFORNIA A CHINESE SPY SEDUCED HIM HE HIRED HER FRIEND AS AN AIDE AND THEY STOL copIL6xvE3Ru;0.0
Youre grasping people We are so lucky to have this sort of scandal Im grateful for how WeThePeople stood and coDNQQYWHNXG;0.3333333333333333
How many Democrats in every one of Obamas 57 states have monetary gain in the production of the now mandated by t coGUktC4vbtQ;0.5
coPnDSRR91FX Even if you disagreed with many Trump policies he did a lot of beneficial bipartisan thin coNxHsMHIis4;0.04999999999999999
cspanwj How much is risen to POTUS POTUS46 intellectually to be graded as LIBERATED CATHOLIC PRESIDENT JOE BIDEN coAXJF9YmnOe;0.16666666666666666
COVID19 gt the resulting economic crisis Fake news from Biden I dont belive it coPdHbXdawUE;-0.15
Zibundile ZeldalaGrangeSA errolbsk JoeBiden Africa was destroyed by Corrupt men like Biden;-0.5
I have learned that much from biden whatever your age you can still do as much good as time allows you to and giv coAlOo78kgkO;0.44999999999999996
China is stealing our country through Bidens lockdown his stupid fiscal policies and mostly his unAmericanism;-0.14999999999999997
jonlis1 Definitely The UKs massive inferiority complex is clear to see in this Biden phones BorisJohnson propaganda effort;-0.059999999999999984
NigelFarage Atifas bitch Biden is now in the White House The next four years do not look pretty;0.08333333333333333
garybhoy16 JamieBrysonCPNI pbmosligo BrandonLewis Dublin uses threats to cover up evil practice by doctors Den coG9wzK9hv02;-1.0
Bidens decrees vault America back onto the global stage A whiplashed world wonders for how long co1MVzUrWyXm;-0.016666666666666666
I remember when Democrats were antiwar US Read BIDEN sends 200 troops and 40 trucks of equipment to Syrian coN0CTXstOLt;0.0
AricToler LaurenDownSouth My fav Qnut New conspiracy is that Biden is fakeThats a Double Jill found somewh coN1qg1HJfnv;0.06818181818181818
USA America COVID AOC NYC LasVegas Florida Trump MAGA Ivanka economy stockmarkets StocksToBuy com22D8ZiH9Z;0.0
Civil rights leaders say they wont let up on Biden or Harris coSbLloUNAe4;0.0
The biden government says they are keeping troops in DC for months more BECAUSE they will be impeaching trump coMjCwyVCBJL;0.5
You shall not give any of your children to offer them to Molech and so profane the name of your God I am the Lord co2L8VoW7NZz;0.0
Omg Republicans are so racist They are accusing Biden of having secret connections with China simply Bc of hi cofpBFIzZyKE;-0.2
Ripple amp XRP Could Benefit from a Biden Administration Analyst coXeO8ckrm5W via EtherWorldNews;0.0
Murdochs Fox News FoxAndFriends Sunday presenters dont want Biden to succeed They harness and promote division coFd8Hq5CUv8;0.0
BidenLs Fingolfin200 Was saying this all along The true wolf in sheeps clothes was the BidenHarris duo all alo coeLOxHI2nkm;0.35
Dear RepublicansWhen will you be filing injunctions regarding Biden executive orders just like the Dems did to cowLUVj5TliO;0.0
I knew biden was a fake from the beginning Have fun Americans BidenNotMyPresident;-0.1
All hail the ghost of THE USA Biden The fucking Zombie in Chief Thank God Im an American and can say itRig copVBbSySZQ0;-0.3
The Trump Plot Replace Attorney General Overturn the Election cormeCXqXB5OBiden JeffreyClark coc5kwyqqJRX;0.05000000000000002
That thing that happened in Abule that patorankingfire couldnt mention in his recordSAMKLEF instablog9ja coI2CqT3w31F;0.0
KenWhistance The people on Joe Bidens earpiece feeding him his lines must be brilliant;0.9
This trainwreck is on the media who refused to cover Biden or Trump honestlyTheyre so bad most people probably codtZKBZQqFV;-0.09999999999999992
Trump haters going to find out real soon that BidenAdministration biden is going to absolutely SUCK as a preside co3xvSRIkO93;0.2
WTF trump GaddarBJPArnab MSNBC nosnitchcode rocnation tatort biden dreamfanart DEA 100daysofcode coRr5FVTPXyV;-0.5
best kept secret of the Catholic Church is its social teaching RerumNovarum about labor rights amp equality co6kbxwtM22j;0.15833333333333333
Yeah but hes got a Rolex The Horror Lol JoeBiden Biden BidenHarris cosPJ3LX1Ryu;0.8
cspanwj Joe Biden has started off better than I could have thought15dollar minimum wage Feeding the poorSt cowAYmNkH2Ts;0.5
Biden world cogq1qtN71UQ;0.0
USA Fed holds first policy meeting of Biden administrationcoobYks4EyZB coW1SAzxDbfc;0.25
Now that there is a prosustainability crowd in the White House its more important than ever to make smart decis corMhXKeuoDq;0.2785714285714286
Any gop who objected to the election without evidence is unfit to hold office FoxNews MadisonCawthorn lyingted cof56S1ISfbQ;0.0
Pelosi and Biden call themselves Catholics They should not be allowed to step into church Its equivalent to le coUupF7XYtkH;0.0
This is a very solid start I hope Biden has the same firm stance against the war criminals in the Horn of Africa coeZvRtqmv6n;-0.06666666666666667
Boris Johnson told Joe Biden his arrival in the White House was a moment of hope in a dark time as he became the codrjmS6W3QC;-0.075
Tuesday 126 join our discussion about what the BidenAdministration plans to do to right the wrongs affecting coCU4K8MeCGa;0.2857142857142857
Dont normally agree with ClareDalyMEP but shes bang to rights on the arrival of Biden and all of the euphoria ar coqfoY5byOzT;0.15
Biden administration to unveil more climate policies urges China to toughen emissions target coelk6VbBy7R;0.5
ampltpampgtLooking for some worship songs that will bring you closer to God and that youll actually want to sing al co31pLwLKUau;0.0
Trumps note to bidenWhat do you think about his actionTrump TrumpsNoteToBidenSaid Biden cooXEPkv5WXV;0.0
The most popular President ever Absolute farce Its always easy shouting from the sidelines until you have to f coSg5VVRP0vl;0.2666666666666667
No doubt that US became a superpower after dropping those atomic bombe Us was the first and last to use such a wea colOLdbQQfxy;0.08333333333333333
FoxNews While already at this stage in the administration of liberated Catholic JoeBiden POTUS46 so many cozqRgIWdvf7;0.25
Think back to 5 years ago when ISIS was all over the place Now look at present day Have you heard much from them coUd4QctRT3L;0.06666666666666667
Posted the other day this is the other reason the news and left suddenly doesnt care about covid After months coxwSd3STqyU;-0.0625
The populism of the JoeBiden team is dangerous for the countrydemocracy Biden populism Leftists betrayal coZmMjZ5Knzs;-0.6
thehill The idea that you can get up here and talk about what you know what the evidence and science is and kno coRKorNyVby6;0.0
I think thisll be my recurring bit during the Biden regimes reign coL8Wszg0VFP co5Bf0qCAU1s;0.0
Is ISIS Back and is there relations between its recent bloody mayhem and the Biden administrationBiden USA co3ExE8rQWYE;-0.26666666666666666
Snow Severe weather warnings in place across UKbreakingnews news china trump biden photobbcworld cogX42OFLIMC;0.0
Biden and wow USA is in a mess if this is true cop2Q5qRBfqE USAElections2020 copZc7eLVbyl;0.09166666666666667
I am so relieved that this is the controversial headline about our POTUS biden FoxNews coddMdttErJj;0.55
Love this photo of President Biden when he was youngerBiden coz7luDUo4Gj;0.5
Pls President Biden and the vice Kamala we know you care about humanity Pls intervene in SouthernCameroons bef conYhXvznFlz;0.0
Id like to point out that I was never much of a Biden fan but the guy is a pretty normal reasonable American pre coYH9RzZUccg;0.1
Trump divided the American society in two partsWe cant have better expectations from Trump Trump Biden co070617YHGc;0.25
USA After DonaldTrump placing limits on presidency powers an urgent prioritycovibDaNu7KG coWzLozMAB04;0.0
Afghan war Biden administration to review Trumps Taliban deal Afghanistan coYLJU2xSGYH;0.0
Seriously Republicans should sit back and shut up about unity They all unified by the most divisive president in corhDYBJEUuY;0.05555555555555556
Canadian Tse Chi Lop captured responsible for up to 50 of Asia Pacific meth trade HAS DEEP FAMILY LINKS TO CHINE conXlXf3pmiU;0.1
Cernovich Um it was right there on Bidens campaign page In plain sight Even this ignorant European could see it;0.023809523809523808
Biden urged to EndTheDeathPenalty in favour of just and restorative policies that will meaningfully transform ou coG5Udva6LbA;0.5
jilevin So what you actually say is The US is a failed state Where nobody is able to get anything important d cocnSclgzX13;0.1
Biden TOTALLY BEFUDDLED;0.0
Koda972 Daphene23058240 In 24 hours the Installation Biden destroyed 11000 jobs amp millions of dollars in econo coF6kc5KzqRb;0.0
BREAKING President Joseph R Bidens rampant killing spree continues as thousands more perish from COVID19bas co9pjiPRLJk5;0.5
The people who meticulously kept the list of Trumps liesHave they started the list for The Great Plagiarist yet Biden;0.8
FoxNews Pontifex TrumpCasino guests are supposed to be evangelized by management amp with morning PRAYERS mand coNI1Hw6RJbz;0.0
Whenever I think the world could not be in a worse place I remember that we were 7 days ago Trump has been dumped Trump Biden;-0.4
This is why Biden cant cancel StudentDebt coGx6Wi3oE7p;0.0
LadyHobton robertgray16 susanpenhaligon CountDracula was screened by PBS in 1978 so JoeBiden could have seen cozZwxLQrgrp;0.0
Would the Republicans be wringing their hands and calling for unity and bipartisanship if they had retained the maj coCEZrdw7Fx6;0.0
LIUNA as a company made sure Biden and Harris Get elected but now whining when biden and harris are carrying on t col3W57GujJJ;0.5
The current president is not trying to divide the people but unite us to do what is best for the peopleAmerica BidenHarris Biden;0.5
ScottBaio Democrats must feel accomplished with the first weekBidenErasedWomen biden fraud;0.225
DylanA67186131 Right they think we are stupid Honestly Youtube can go fk themselves much prefer Bitchut co853SvWiI3h;0.07142857142857144
Covid19 COVID COVIDSecondWave covid19SA Covid19UK COVIDVaccination coronavirus USA CoronaVac coIoqov1VIzu;0.0
Will Biden bury the hatchet with Iranco76wL0tWIp0 codWq8caHODq;0.0
OMGGGGG Is that a ROLEX on Bidens wrist So elitist coWPIpE4zZVW;0.0
Biden may be 25th Amendmented before February 14 2021;0.0
The latest Chinese Air Force incursion into Taiwans airspace with 4 fighter jets and 8 bombers continues coJrNjYy347V;0.25
The Plot Against America Secret History Of ANTIFA amp British Intelligence GreatGameIndia Biden BidenHarris coKGIudEw7xr;-0.2
EU welcomes Bidens United States back to rulesbased international ordercoJbE5gMFC8MEU Biden US BackVastuullisuus;0.0
Biden to Finally Stop Support to Saudi Arabia in YemenTiredearth JoeBiden America Syria COVID Covid19 couUl4PFVtto;0.0
Biden does not Stand for AmericaFirst coGW5RGDw4db;0.0
JackPosobiec Why not impeach Biden instead of Trump Americans wake up;0.0
Biden must act to save Navalnys life and hopes of freedom in Russia Navalny Russia Putin Biden Protests co0GrttegHKF;0.0
BREAKING The Kremlin has accused the Biden Administration of interfering in Russias domestic affairs amid pro coeRPSKYc57F;0.0
The best picture on the internet todayChunkz mehdirhasan McGregor UFC biden coExMLi4VzjB;1.0
Happy Sunday Trump Biden Drum Music Dance Selfie Cat coPGzAWJyjJt;0.8
Amen WeToldYouSo BidenRemorse BidenAdministration Biden MAGA saveAmerica BidenHarris2020 coQDO2Xv3n6J;0.0
Also the underlying premise is that Biden is INTERESTED in EUs defense Its the general accepted line but let coN0R44lX3LU;0.15000000000000002
Organizers of the KlausSchwab World Economic Forum are expecting Chinese President Xi Jinping India Modi Germa coTmtihCs0lo;0.1
Biden started as expected teargas on innocent american citizens in american cities sending troops to Iraq cheat co2TI5oPxioJ;0.1
InstitutIPSE ejmalrai Its a done deal Pres Biden has little to do here;-0.1875
BorisJohnson JoeBiden Did you ask why SleepyJoe replaced the bust of WinstonChurchill for the bust of Marxist co0Y1Z9SqdUQ;0.0
Can someone paypal me just 4 dollars Would really appreciate it fortnite gaming ad pay Covid19 Biden coAIbQY1PHea;0.2
Woohoo biden administration Really coObJ4sZN9HJ;0.2
Trump jokes never gets oldBiden USA TrumpMeltdown coDsvlZ9GcaO;0.0
I hope people read this and recognise the contrast between Bidens more progressive pragmatic Christianity and the cocTWLyTeOPk;0.5
MrAndyNgo Antifa were POLITICALLY USEFUL for Dems against Trump They were enabled by Democrats 2burn citiesFeder cofxapi3wiZy;0.3
Biden Nothing We Can Do to Change Trajectory of COVID19 Pandemic in Next Months co6ARL68bOsm via co411OCiUCQW;0.0
This man is truly inspiring the world with his actions POTUS Biden coWNYkIyCgtQ;0.5
FoxNews Pontifex ImpeachBiden FightTheBLOB SundayMotivation vibePOTUS46 is being antithetical to Rome coZa0SWwJh82;0.0
Rasmussen Poll Wealthy Welcome Caravan Migrants comSNsa5w1x5 via BreitbartNews Honduras co1w98vJnd7S;0.65
LThafree okay my fault on this because I was referring to the Biden Fauci NBC story as clicked on this stuff by mistake;0.5
REACTING TO katyperry Firework From Celebrating America Biden fireworksamerica Reaction gay coi1Od5Zt2DI;0.4166666666666667
US President Joe Bidens administration has temporarily suspended oil and gas permitting on federal lands and copWhzGtijCR;0.0
Aluminum Association makes policy recommendations to Biden administrationco3uQ2t8lywWAluminum co7CeX34bXgD;0.0
2 of 2 Its early days but on the face of it this unverified claim by an opaque group has the effect of providin co8EDsuLYfyF;0.1
Guess whos in the Markle Circle of Friendship Valid only until they have served their usefulness biden cobmclQiHGsA;0.0
I will fire you on the spotUS President Joe Biden warns his new appointees and White House staff to treat one coPtcFBVZMwZ;0.06818181818181818
jonlis1 jacquep To be honest I always do the worst things first on my todo lists and save my favourites for las coe1i8QR3VFU;-0.05000000000000001
Why wasnt this in the news before This almost cataclysmic event should have reported by the MSM But no the co83OPZJs441;0.0
Just watching ChrisMasonBBCs report on BorisJohnson Biden the way its being reported by BBCNews is akin to cohkZErakLaG;0.0
Dirty Oil has no place in the modern world Stop crying Trudeau the sooner we move away from this the better co6npRIvOh9M;-0.024999999999999994
LIUNA So ya got played did ya Surprise surprise Biden;0.0
coa97gpiLEKrBidenBorisJohnson stop phoning me What do you wantJoe thanks for phoning back coUcOtXavNcI;0.1
thehill Trump beat him too it biden is much more likely to screw it up again;0.25
PostOpinions I would think that perhaps LindseyGrahamSC would find it prudent to get off of the Trump train amp cl cofJ2cJXx5g4;0.0
FoxNews Churchill vs Biden ShakeseareSunday SundayVibes Like Pope vs POTUS46JoeBiden MORAL OBLIGATIO coXcmRBo4spl;0.0
President Biden wants to vaccinate 1million Americans a day but the GovermentOfMongolia doesnt have any plan on coPu7lmR7kj2;0.2
3 dozen Democrats lawmakers urge Biden to commute the sentences of remaining federal deathrow inmates YES BY coVdPMpQDUYz;0.0
For much of world Biden means continuity cosZlNUo521R;0.2
Does anyone think Bidens 1400 stimulus check will arrive by December of 2021;0.0
Unity Biden co5wVFxSXZUJ;0.0
Here is freedom of speech on Twitter Everything is in order as long as you say whatever the Zionist regime wants coy4hIDVkHXK;0.07500000000000001
The left now DC Inauguration Washington Biden Harris Trump coIuJ60yJ1qR;0.0
Maybe Biden needs to research and know President Trump was right cojyqVIh6nEz;0.2857142857142857
MeinPanzerfaust I never liked biden amp knew it that democrats r more warmonger than republicans tsw I hated obama coEAXWXPQIF1;-0.2333333333333333
Biden and Johnson call coLIsgTAtwkI;0.0
jrpsaki Watching a jenpsaki Press Briefing be likeAlmost fun to get away from Trump bashing 247 Biden coQu7ZVtX9te;0.3
Bishops throw cold water on the most Catholic Inauguration in history copLXlx55uw8 USA Biden USCCB via MichaelSWinters;-0.033333333333333326
Calypsia6978 riverszen RhondaFurin BrandonStraka Kayteeko JanielovesDJT Odd that I thought Biden was mess coq9WHD0uYVI;-0.17083333333333334
Waitingwaiting germersheim weilwiramateurfuballlieben fuballheimat fuballplatz stadionromantik wrede coByJ5hPhDAt;0.0
Check out Babies Lives Matters video TikTok Biden calling our military stupidbastards coeyKuY5pUGt;-0.1
Democrats make federal election standards a top priority2020Elections Congress COVID19 Pandemic Biden coVDBK1equj4;0.5
Not only US people but also all people in world around are worry about trump com backTrumpsNoteToBidenSaid coSGcV8zGPmR;0.0
Mac on Biden Trump TrumpInsurrection political cartoon gallery in London codePcTdnXF6 cozuD6IsYkZx;0.0
Biden Administration Freezes Trumps Directive to Lower Insulin Prices coqGtRd4VXPk Biden bett coLjGmNhLVan;0.0
cindymccain Biden cheated You know they know it Suck it up buttercupBiden;0.0
Ya hate to see this Especially when this group of idi0ts endorsed and voted for the guy that killed their jobs coJqbdKnDjlP;-0.3333333333333333
Venezuela Biden to Endorse Guaido After Trump Issues Parting Sanctions cozPJznYeLrh deemed resp cok0AgPb701x;0.0
Biden already benefitting from bozos distant relationship with the truth Biden no mention of trade bozo a co7fBXCTmvBU;-0.1
coowPyTvCy78Ripple amp XRP Could Benefit From A Biden Administration AnalystRipple xrp Biden coLf9xAZbFHm;0.0
DonaldTrump called it the China virus 1 Now we have JoeBiden who is best friends with China 2 EU creeping coSx5cvhJEaL;1.0
dems dont care about peoples jobs or livlihoods If they did would biden have stopped the coihvN1k9EyR;0.0
Tara Reade It Is Unspeakably Hard To Watch The Man Who Assaulted Me Go To The Most Powerful Position In The Land cojWjZOoAs1m;0.16944444444444443
Happy sunday everyone I still cant believe within a simple couple hours the whole biden family broke federal cotubF76DHE3;0.3333333333333333
BernieSanders recently won over the internet with a photograph of him sitting alone on a chair wearing a mask br coRLFPPU68mr;0.0
Listen to the most recent episode of my podcast Finally Trump is gone 41 reasons why its a good thing coxcN4yHx5p2;0.3
New hire Its awesome to see them hiring more people WhiteHouse Trump lol ImpeachBiden Biden JoeBiden coeU6F8PDvFn;0.6090909090909091
BeschlossDC So is he also representing his constituents that didnt vote for Trump And why was he soliciting a co coiyczjNgAfI;0.0
The American Dream is becoming the American Nightmare really fast Biden;0.1625
I suggest dont lose this video All of them are drunk friends TrumpsNoteToBidenSaidTrump Biden cojNidFR40Pb;-0.5
The Biden administration is already headed in the wrong direction Instead of focusing on reopening our economy codryP5mcdrM;-0.5
Clueless NYtimes trying to sell Biden is a man of religious values Sorry he will have serious issues that on cowUoYD9z5CM;-0.27777777777777773
Biden violated his own mask mandatehypocrisy co6z3lYEFJ85;0.6
Check out JamarcusMarleys video TikTok Biden says this country is doomed bc of minorities covuU0PdsMy3;0.0
Congratulations Thanks for your feedbackGod bless you for trusting and investing with usLEARN HOW TO TRADE A cog4fE2ilFBo;0.2
Go Biden Bidens administration considers reversing Trumps ESG rule change that with its requirement to alw cohh9XSUMbcw;0.0
It was all about the US and POTUS Biden and KamalaHarris this week How will this impact ESG ESGI Editor Chri col2eQlRdqLw;0.0
Biden ends Trumps ban on travel from Muslimmajority countries coQkQa3SckhN ElizHagedorn;0.0
style stars And the left wing media fawning over anything to do with Democrats amp Biden coX2PYgYo8ax;0.0
I would say that it ranks around the same level as BarackObama and his infamous TAN SUIT Biden how dare you coDDNgClszKi;-0.25
Palestine Bidens Secretary Of State Praises Trumps Achievements On Israel coixyoeeGuSM Ted Cruz coM0IKjMPuER;0.0
Lets welcome President Biden to the WhiteHouse with an enormous call for climate action join the Glblctzn p coH2pDx5xHj5;0.3
First lady Biden stops at Capitol to thank NationalGuard coiRaLESkin8;0.25
Point noted it was just for inauguration Inauguration Biden FakePresident kabi Karen memesdaily coPcWYLxJUv4;0.0
Want to keep up with Joe Bidens reading list Here are some tips from our stephenmwenham on delving into some of coGLFJGf3emz;0.0
The biden cabinet ll do the same as Trumpstrategyall of them is same to sameno change The news telling that coRmG7TtvbZU;0.0
The most viral topicTrump and Biden DebateDonaldTrump Biden DebatePresidencial2021;0.5
Ahmed Rabbani Guantnamo supplied this oped via the human rights organization ReprieveBiden gitmo CIA coFZI6ueQWAU;0.0
The UK press cant seem to decide if Biden is a dangerous Socialist disrespectful of Churchill Or the embodiment cotHJySJoprQ;-0.6
Indeed the Justice Departments most recent opinion holding presidents temporarily immune from prosecution during co4w6UW7FuhK;0.25
When Biden said Trump wrote a very generous letter do you think he meant that it was really long More importan cozjlAYGdGxP;0.21666666666666667
New WTA tournament for quarantined playersbreakingnews news china trump biden photobbcusa breaknnews copVw2W3Z7Ls;0.13636363636363635
Horrifying footage of a police vehicle ramming into a group of protesters in Tacoma Not an easy one to watch not coVoVKnbJzK3;-0.23333333333333334
Fact Check Bidens tweet calling Modi world leader is fake FactCheck Biden Modi WorldLeader coVULCK5nOMg;-0.5
Fact Check Bidens tweet calling Modi world leader is fake FactCheck Biden Modi WorldLeader cooD0KWomxfN;-0.5
China already preying on the weakness of POTUS and KamalaHarris Very dangerous times for us all The world is conxKB4U6mJZ;-0.78
BREAKING Prompt Statement by Biden Administration on Tacoma Protests condemning harsh tactics crackdown and de co0kuKZYvhqZ;-0.2
Are you happy with Biden so far;0.45
Came across this 4yearold cartoon by Dutch artist Tom Janssen Fake news That cant be true Oh how true it codl4J6QAFc7;0.06666666666666665
2021 already seems a good year for people named Joe biden root;0.7
MarinaNigrelli Could be interesting if Biden were holding his nose and pulling the toilet chain;0.23333333333333334
Biden BREAKING NEWS Biden claims he thought he was running for POS Claims he cant remember what the TU stands for;0.0
disclosetv CCP China knows that statements aside Biden admin has no real intent;-0.1
OMG I cant stop my laughing A thinkable and deep picTrump TrumpsNoteToBidenSaid Biden cozRijfKNsDh;0.0
We are reaching 100000 Covid deaths and all the hapless monster can do is smirk because he spent 30mins talking to copoffHt2VXI;-0.35
Energy Transition Dialogues Jan 24th co5qbtWEpLW1COVID19 coXtbSc9HXM6;0.0
Anyone want to guess how long it take until Biden goes to warThe winners will get free flights to New Zealan co6XFDRXdVR7;0.16212121212121214
And Biden has the craven creeps number BorisJohnson keeps trying to blame the UK public We know its the coMifBtlr1a6;0.0
Murray smashes it Having been relentless in their criticism of Trump the media will now behave like courtiers an coKKHPEFPBT7;0.0
Whats your idea about them Are you agree with them or notTrump TrumpsNoteToBidenSaid Biden cokHbsZ7yQLY;0.0
Biden leans on Obamaera appointees on climate is now trending on cohRB3BK6fmHcohRB3BK6fmH;0.0
Although Bidens emphasis on infrastructure climate and environmental justice feels perfectly poised for an inte coNq4DpkN9aS;1.0
President Joe Biden is facing articles of impeachment which were filed against him by a Republican coKtkvBzMI8t;0.0
bbdbnyc SEE HOW MICHELLE OBAMA and others Ladies look fabulous at biden inauguration US inaugurationWatch f coPXFKAfW0EG;0.4
InveigleMagazi1 SEE HOW MICHELLE OBAMA and others Ladies look fabulous at biden inauguration US inauguration coLVXAg4SQjw;0.4
Hardly the story the British Press are peddeling BrexitReality BrexitBritain tradedeal Bidenbojo coNSas92Fpjx;-0.14583333333333334
InveigleMagazi1 SEE HOW MICHELLE OBAMA and others Ladies look fabulous at biden inauguration US inauguration co9wFYXHraVW;0.4
PurpleP08658351 SEE HOW MICHELLE OBAMA and others Ladies look fabulous at biden inauguration US inauguration coXXYuCmfgOB;0.4
So nice the USA has gone back to normal stoking foreign conflict to detract from structural inequality at home Ra copYfBRXuhsp;0.15625
plussizequeen82 SHEINofficial SEE HOW MICHELLE OBAMA and others Ladies look fabulous at biden inauguration U coLe42SYIUrH;0.4
AsaRenaissance PORTHARCOURT SEE HOW MICHELLE OBAMA and others Ladies look fabulous at biden inauguration US coZqiqeBQAzk;0.4
scaranocarla62 SEE HOW MICHELLE OBAMA and others Ladies look fabulous at biden inauguration US inaugurationW cohFRWGSN5Zv;0.4
pjyorkesmith SEE HOW MICHELLE OBAMA and others Ladies look fabulous at biden inauguration US inaugurationWat coTGVEsgN0Wl;0.4
fabulousfindssa MandzHegeni SEE HOW MICHELLE OBAMA and others Ladies look fabulous at biden inauguration US i cozGN7ayb7ub;0.4
freyolori SEE HOW MICHELLE OBAMA and others Ladies look fabulous at biden inauguration US inaugurationWatch co34GVreFxMU;0.4
IsraeliPM netanyahu is set to dispatch his most trusted colleague Mossad Chief Yossi Cohen to Washington next co8FB4NVtCWX;0.25
Oluwabukunola19 SEE HOW MICHELLE OBAMA and others Ladies look fabulous at biden inauguration US inauguration coKvW7CcwcmD;0.4
Radiosherry1 SEE HOW MICHELLE OBAMA and others Ladies look fabulous at biden inauguration US inaugurationWat coPUKZjPyp5V;0.4
visonstudios SEE HOW MICHELLE OBAMA and others Ladies look fabulous at biden inauguration US inaugurationWat cokLlQY3HWXH;0.4
Is this one of most the changing moments in US history for racial representationcoKztowzGOhdKamalaHarris USA Biden;0.5
ThatgirlyV SEE HOW MICHELLE OBAMA and others Ladies look fabulous at biden inauguration US inaugurationWatch coR7GB4R9WCJ;0.4
FWDFriends SEE HOW MICHELLE OBAMA and others Ladies look fabulous at biden inauguration US inaugurationWatch coRi9OAIMSV0;0.4
President Biden and Boris Johnson share hopes for end to Covid in first phone call Johnson Biden tradedeal coD1StP8Ic41;0.25
DesignRosellini SEE HOW MICHELLE OBAMA and others Ladies look fabulous at biden inauguration US inauguration coFKCFStvmBc;0.4
AzanaSerene SEE HOW MICHELLE OBAMA and others Ladies look fabulous at biden inauguration US inaugurationWat cojtVAhgPjcP;0.4
DesignRosellini SEE HOW MICHELLE OBAMA and others Ladies look fabulous at biden inauguration US inauguration coeN5dfmPcAm;0.4
OdudwaRepublic SEE HOW MICHELLE OBAMA and others Ladies look fabulous at biden inauguration US inaugurationW coVicJhEFKyf;0.4
Sorosokesoro SEE HOW MICHELLE OBAMA and others Ladies look fabulous at biden inauguration US inaugurationWa covbgeiKjUjr;0.4
AfamDeluxo SEE HOW MICHELLE OBAMA and others Ladies look fabulous at biden inauguration US inaugurationWatch cojlr4RipeYG;0.4
JackPosobiec myridea Trump wasnt that bad after all was he Biden will destroy America;-0.44999999999999996
Why has The White House been on complete BLACKOUT all night As far as I am aware this rarely if ever happens coWm9x3a1BSg;0.15
Senile old coot needs pudding and naps Biden is the only president weve ever wanted less fromhe screws up eve cotHJyyO0Wko;-0.022222222222222216
Bidens administration criticized for removal of WinstonChurchills bust from Oval Office coaYfqhNWd8E;0.0
Blacks in Europe be like antifa trump antifascist blacklivesmatter blm maga antifascista socialism coVkCLfqYrXt;0.0
This Weeks Must Read US Presidentelect Joe Biden released a long list of agency actions his administration coN21EcYhPxv;-0.05
TheAmandaGorman Words matter Bravo for using it for good Still thinking of your poem TheHillWeClimb Reading i co6HtiQL6m42;0.7
Uh uh uh biden coX5EWoVtugB;0.0
First pictures of Trump after he had to resign by force ampgive whithouse to bidencoz media hates him tswHe sti cooo3rlzvKSx;0.25
Biden Pollak Biden Kills Up to 70000 Jobs on First Day in Office CarlaChamorros kimKBaltimore PamelaGeller coFo2FEAVoJK;0.25
PoserAssigning minority is now on trend Does not matter if they are good should not use for seeking popularit co1ZHAYdWLQe;0.7
take action bidenstop genicide on tgrayan cotftLJA5Cf4;0.1
POTUS JoeBiden childtrafficking goes beyond politicsBut Government officials ARE involvedLets hope Biden cofyr0P6bdun;0.0
So Biden will TaxCorporations at a higher rate Where do they get the money to pay the taxes From working co6JZfa5Xdf3;0.25
Japan has become increasingly concerned about Chinese activity in the East China Sea including incursions into wa couPyLQb4zHH;0.0
Debt Rattle January 24 2021 Bezos Biden COVID19 crash Eurostar HCQ impeachment India ivermectin SCOTUS coz8Og5f88oA;0.0
CCPChinaWatch ByronWan Having already urged CCP China lets see whats next from Biden adminTaiwan;0.0
This letter is Trumps letter for Biden What do you thinkTrump TrumpsNoteToBidenSaid Biden cobvpzuTr0Cw;0.0
So much for Build back better I suggest Biden s new tagline be Change nothing helping people costs money coJSjI3DaaoA;0.20909090909090908
And David says Let their table become a snare and a trap A stumbling block and a recompense to them Let their e coxrtnUeafmA;0.0
He created bipartisan between US people History will not forget him as a chaos maker president Trump Biden coBWN3opeGob;0.0
US Congresswoman Lauren Boebert has introduced a bill to overturn President Joe Bidens federal mask mandate corEfODBncgT;0.0
KaitMarieox Can not hit the Likelove button enough WorstPresidentEver Biden;0.0
when they ask me when do you want to sell your BItcoinEven with the recent decline from its highs coming cl coAXhySqcvOb;0.0
NorthmanTrader Level of corruption in America beyond unthinkable It has nothing to envy to third world countrie cooVUjrmbDq2;-0.025
I stand with Navalnyi Biden supporters afraid to do the same Cowards;-0.3
ElspethElspeth Hello is that President Tum Biden Have I got through Last time it was a cleaner I think f coka2jbDFW6y;0.0
President Biden wears a RolexSo fing whatNo one said a word when Trump charged ustaxpayers 142 million t coUR4i6HSmG1;0.0
Its OK Biden is president ignore it rainbows and flowersLiberalBluePill cojvFRwVWF1L;0.5
Ohio restaurant owner rips Bidens embrace of 15 minimum wage as bad for businessNews Office Ohio Biden coAZn6VUaufN;-0.6999999999999998
Biden all IllegalAliens in Custody to be released 7145 of whom are convicted criminals or have pending coHcBQ0ycqDe;0.0
Check out cohtaMbMe2aAs Fauci Uncensored FauciBidenMeidasTouchvideo TikTok colm1YXqsDgz;0.0
Yes America needs civil leadership but had it not been for COVID19 Trump would have won again Can only hope tha coKOi5DoTsjG;0.0
Singapore Friends Romans countrymen lend me your ears the one where Rachel amp Ross make that cooUu3QNME6c;0.0
CNNPolitics The few that did vote biden r starting to realize what a huge mistake they just made Starting to re codOlDzeFUmE;0.05000000000000002
Dont blame BidenBlame his supportersBiden Stops Trump Order To Slash Price Of Insulin EpiPen couFSGoQAMHq;0.0
Kamala Harris slept her way to the top What an inspiration to girls everywhere co5nwIpJV2tm cofpr4pQdIk9;0.5
Americas days of reckoning DOSSIER gtPandemic tasks for the Biden team cojOvDLrEiHwgtLa settima co3zNdNgq3UX;0.0
coEMHWqiQYtn Now people have celebrated the demise of Trumpy McTrumpface the spotlight is on the Democra coGeaHi2oeyU;0.35
Welp Biden has certainly hit the ground running executiveorders coRirwBUaMb0 coXF3qxMZHZI;0.21428571428571427
Can we swap with America please and have Joe Biden as our prime ministerThis guy actually speaks some sense coUAAtqjrO0K;0.0
Farmers FarmersProtest FarmerBill2020 farmlaws Covid19 0909 NoRepealNoGharWapsi sunday coY2yNKCwvjw;0.0
ananavarro President Biden is calling for unity Will Washington listen Analysis CNN coAYuNOo7EJO;0.0
When is biden going to appoint more women who self identify as a label machineIm disgustedTheres a lot of wo coy7N4ny2fvG;0.5
Watch the US people behaviour with the doll of Trump in street Thats really funnyTrump co88l4tE7OCN;0.2
Jobs for Americans or 16 million new illegals w amnesty Biden chose illegals zero for blacks n native Americans;0.13636363636363635
Can anyone help or offer advice on how to make fundraising successful I only have 3000 to raise Unfortunately i coAm4GrGTnrm;0.08333333333333333
The world now has to face up to the Biden presidency And it isnt looking good cowDonwlhoe4;0.7
PerspectivesJohnson Biden USA UK co1uQz8zoZYh;0.0
Heres everything you need to know about KamalaHarris and how shes making history already cokkwpjc10oZ;0.0
Chief executive Bidens mental object of administering one bajillion coronavirus shots a day for the incoming 100 coNZe2zOLT1p;-0.1
UnitedStates wondering about the US trend towards withdrawal from global affairs and how that could evolve coVOpXhTHCK0;0.0
Visit Our Website co5dKBbvvBufnirvanian Biden Trump Washington Nirvanablack blackpeople coMa3k6ByMlk;0.0
Wait til the Democrats get control of the Supreme Court too then theyll be utterly helplessBiden BidenHarris cobYfVIU4ywU;0.0
The Biden Buyin What this means for Philippine Businessbusinessnews negosyantenews business entrepreneur coDuHolOquZF;0.0
Johnsons Trumpism definitely goes down well in Washington Biden loves him His fake celebration of getting coeichd0XPe5;-0.21851851851851853
12 years on Twitter seems like a lifetime especially the last 12 months Anniversary Pandemic Trump Biden;0.0
YusefforPeace Yeah go Biden;0.0
fauci trump biden Dr Fauci glowup coFs4WNGusvK;0.0
KenRoth Biden must stand strong against CCP China;0.4333333333333333
Biden received a destructive government from TrumpThis pic shows the first day in White HouseTrump cohccSvWcedZ;-0.11666666666666665
Stuff such as this makes me mad all over again but I know that it will happen for the good coCBhHuEvuMo Biden epa;0.024999999999999984
Biden sucks co4cJly34PQp;-0.3
Pedophile Biden Repent Pharisee Pelosi Repent Cheater Schumer Repent;0.0
politics Links to POLITICS in 2021 Trump impeachment BidencoMooi77IXA7;0.0
globaltimesnews QuincyInst Do you really believe its up to Biden with ten of thousands of hateful secretaries a co2xbnngQAYc;0.1
I presume the caption isCome back Donald I know weve had our moments but have you seen how the new guys trea coWKYIpEUWvO;0.06818181818181818
Fears grow that the Bitcoin bull run is over after surprise corrections Ether briefly hits a new alltime high coLOOKBbRG1v;0.0987878787878788
BidenErasedWomen Biden BidenHarris Pedo Joe loves little girls coWU57qivV5g;-0.1875
Britain still a long way from easing virus lockdown minister saysbreakingnews news china trump biden photo coOyiyues2iS;-0.05
Its the opposite of progressGet ready for being raped predated upon dismissed as inferior to menBiden is a coT0F62RAhIz;0.1
People seem to be confusing strategic relations between USA and UK and personal ones between Biden and Johnson coAne0C5EFQu;-0.15
It took ages to overcome objections to Brexit ie to impose a deal that appeased the Tory right Thus cutting coBc28dzaKv7;-0.15714285714285714
Trying to be on the right side of history in DC DCRiot InaugurationDay2021 USCapital USArmy Biden Trump coNnMfH75x4I;0.2857142857142857
How will Biden address digital currencies The short answer will be addressed at some point in the future covaSTJvpZ9l;0.0
The Hill We Climb the Amanda Gorman poem that stole the inauguration show coDPF2X2SwmW poetry coYdshOItHBH;0.0
Glad to announce that THE BOY SCOUT is out now See the teaser version at col2pds2b7w2 Theres also a coogw4ntU3m7;0.5
The 3 points of happiness It is so true Biden co9eIAmA94ET;0.5249999999999999
BidenHuman or NOTcotiBzL72NCk information video viaBamilyF co6KHiOPqDsw;0.0
The US divided Trump legacy leaves devastating split in families amp Biden will fair no better in healing it th co78AGSU8pWI;-0.18333333333333335
In Germany we call it wirhabenplatz and RefugeesWelcome Biden coXYCX189tCi;0.0
Biden He became president for 145 million 145 million dollars were distributed by anonymous people to the suppo coxwV91f4E8M;0.0
iamJilly You truly wont regret hearing thismetooinceste Biden PresidentcoX4nWCEdtlO;0.0
Now we bully The president into classifying the KKK as a terrorist organization Along with other white supremacist coEaqUqm7C1p;-0.0625
Once again we behave like a child with an attention deficit on this issue It appears even Brexit has failed to ma co9IebvsgeXi;-0.5
A look at Joe Bidens deep faith co94FWcz5E2h;0.0
Biden put a freeze on Trumps insulin and EpiPen order oh my God how much is it going to cost these poor people wh comkyVZhvF1j;-0.1
Biden halting deportations for 100 days cofbEP0YhIsw;0.0
US ForeignPolicy Under Joe Biden Does Not Look Promising corJKq6ZYmDk via YoureAllDunces;0.2
What a load of bollox from Lord RenwickHe said Biden amp Pelosi are Pro BritishHa Ha HaBiden will absolutely sha coTUgqjqhDPk;0.2
CHEATER CHINA NOT PUNISHED BY TRUMP TRUMP LOST ELECTIONS BY VISIBLE ENEMY CHINA INVISIBLE CORONA PANDEMIC VIRUS coq7vMb2DYl4;0.0
Before inauguration there was an indoguration for the First Dog MajorMajor Biden a dog whose humans are no ot cosqUk9pNcz4;0.25
will IRI be empowered by Vitamin BBidenVahid Saeedhajjarian AmirTaheri4 AmirTaheri4 SamanthaIrani demon2947 Puolil;0.0
washingtonpost US policy DICTATED by Israel as usual Iran JCPOA Biden;-0.25
I cannot believe Joe Biden wears a Rolex Lost all respect for him choosing Rolex over Omega biden POTUS Rolex omega;0.0
BREAKINGWatching Joe Biden undo everything Trump didactually shows everyone everything Trump did biden WorstPresidentEver;0.0
A Woke Wolf In Centrist Clothing Greg Gutfeld Says Bidens Uplifting Message Is A Fricking Lie cooOFFvpTpar biden;0.0
DevinNunes doj is as corrupt as hell they have many files on racial and disability gender discrimination agains coQrmF5MqiDf;0.0
Undoing Trumps legacy Biden wastes no time in first 100 hours as president cokaziviQF2w coYEMBwkfI74;0.024999999999999994
DisRightsTx doj is as corrupt as hell they have many files on racial and disability gender discrimination again cowXM19LTLA2;0.0
DisRightsTx PRNTexas doj is as corrupt as hell they have many files on racial and disability gender discrimina coXR0MHCNXPG;0.0
ACLU doj is as corrupt as hell they have many files on racial and disability gender discrimination against co9FzHoYsX8T;0.0
JudiciaryGOP doj is as corrupt as hell they have many files on racial and disability gender discrimination agai comg6WdFS4l3;0.0
Its funny that a 59 year old Obama users his johnwayne cowboy voice and talks about a 79 year old Biden like he cof0fyyfy7P5;0.15
MurdochSewerageCo Not wasting moment in amplfying their own repugnant trolling re Bidens cognitionAll those y coAXTCesi7gR;0.6
ReadeAlexandra Will Biden be there for long For someone who hardly campaigned what has he got left stamina;-0.11388888888888889
Which biden do you support usa cocKBtk1G0wQ;0.0
JoAnneSimonBK52 INDBrooklyn jasoneshelly doj is as corrupt as hell they have many files on racial and disabili cockQQ67QRGF;0.0
TV Mossad chief to meet Biden set out terms for overhaul of Iran nuclear deal TimesofIsrael coC7ejjrnbFx;0.0
joebiden cnn foxheadlinesMSNBC Hey everyone lets not visit vegas for a few weeks hey whats up with this coIlt0XRDM3b;-0.2
Two days into the Biden administration and weve gone from Mailin voting is 100 valid and fair and should be use covQx5CJpH2f;0.7
Today is Day 4 of President Joe Biden amp VP Kamala Harris first 100 days in office May God bless them both and may coTt00eaFLKD;0.25
Bidenisnotmypresident Aside the part of Politics I dont recognize as politician to Biden hatred and love co copOFc1Azquh;0.5
Bidens first day at the oval office FelizDomingo HappySunday Biden BidenHarrisInauguration coZVwgdsmeQT;0.25
America is a colony of the rich Zionists Their tradition is similar to that of the English barbariansThe earth h cobyk0ziZjch;0.125
dwnews That was planed He knew about the detention the demonstrationsthe media covering the Eu answer etc Bid cohCamZkYDxb;0.0
NickPye BorisJohnson Probably only the nonces and the progressives see Biden in a hopeful light but then argu coV0LneNDd2x;0.2
LINK co3bptaTjx8l news Opinion america JuddDunning Comedy biden joebiden politics New Unapol cohfIHMwurkA;0.13636363636363635
GiftCee America thought they were Didnt stop Biden stealing the election;0.0
LINK co9OZskj3N8a news Opinion america JuddDunning Comedy biden joebiden politics New Unapol coSqZRqOh9ev;0.13636363636363635
Have a look at this LisaNandy The election was snatched The figures simply do not add upmarr biden coudYTymhAaz;0.0
marr Im LOL at lisanandy trying to blowjob paedo Pres Joe Biden while he says Russia is the biggest threat cojDqZALTsVU;0.8
Biden Not my president marr;0.0
Lol Biden knows exactly who he is and what he stands for according to lisa nandy on marr last time i looked he c coblVr5ZgG3j;0.35000000000000003
Biden administration to unveil more climate policies urges China to toughen emissions targetcoTzKFRPM3oh;0.5
Biden with another busy day ahead coB40W6PYQ9k;0.1
No because theyre all fake or dead Biden BidenCrimeFamilly coelhGN9zMgu;-0.35
The administration is urging a quick confirmation vote in the full Senate saying its critical to get the top memb co8rgpY0SVUK;0.29583333333333334
Biden administration to unveil more climate policies urges China to toughen emissions targetcosd9qId7RmB;0.5
The people of Washington DC have changed from those who dont mask to those who doBiden UnitedStates unity coEze3HUfs6a;0.0
CNN giving handjobs to all biden staff;0.0
openDemocracy To achieve the unity he promises the new President must take on the online platforms that are ra coLV9wV0jRG4;0.13636363636363635
Notorious alQaeda ISIS sponsor LindseyGrahamSC at the US Committee on Foreign Relations gets President coqodFun3wy6;-0.125
johnson getting the first call from Biden is like giving an employee a grand new title instead of a pay rise The EU will get the deals;0.29545454545454547
Judge Jeanine Welcome to the Biden administration home to the new slogan America Last biden whitehouse coH9GIcEEBcR;0.31212121212121213
In their first reported conversation US and Israeli national security advisers have discussed Iran and other regi coGRdDF0Meaq;0.0625
Maybe Biden has won but Trump is a filibuster and has the Supreme Court in his Team coFVJSdXTq6wBiden coI4HgweLIok;0.0
President Biden called the word unity If they cannot unite a major historical change the decline of the United cotQXkeDyZWk;0.03125
Medicare4All COVID19 RevolutionNow Corruption 2 out of 3 Americans feel they CANT AFFORD HEALTH CARE this ye cowlICuR74at;0.0
Africa Has Suffered a Great Deal at the hands of the USA Government and Western Europe What is Bidens Plans coh6zouPwXDI;0.4
America is back Compassionate Biden ramps up Troops Into Syria on First Day As President He is keeping his prom coSyXhifw0dg;0.125
Biden is advised to CONTAIN a well seasoned Putin Will China be different coAOybRgAI3Q;0.125
Sometimes people really do get what they deserve Accelerate Biden coTUFIYOkz4X;0.2
What person wa brain hasnt figured out by now that KamalaHarris was chosen solely bc of her sex race amp ethnici corBe0vBVvFf;0.0
I dont know if you noticed but neither Harris nor Biden was able to run a successful campaign Now were all sup coYldN0BRGYz;0.625
False hopes the crisis will not be solved by slightly nicer capitalism corfWE6s5Ssc Biden BidenHarris marr ridge;-0.2833333333333334
OANN China owns Biden Trump Maga;0.0
Ted Cruz the US Senator for Texas is not happy with President Joe Biden over his decision to eliminate up copESyPY8JMg;-0.4
WalkforLife 2021 Confronts Biden Administration codwjO8Z9ls7 GoogleNewsInit GoogleNewsPost coE3lFux2MD0;0.0
As Biden is inaugurated Kate ONeil asks DSA activist and author Saman Sepehri what challenges and opportunities l co5AH4P1W39l;0.0
Top story JoyceKaram BREAKING Prompt Statement by Biden Administration on Russia Protests condemning harsh coAgcnebwwYB;0.15
Picture 10DowningStreet published of BorisJohnson call with JoeBiden again proves Boris doesnt understand tone coJJ8vfMpzMe;0.3
MaryPoopins5 fred4me85 AshleyPerry42 EXACTLY I started surviving when I saw the emergence of Joe Biden as a can cooL1Kfn4NHG;0.25
thehill This is total BS We thought Viking Head Man was our new leader The leader of the Free World What a disa coGlro2plLng;0.1787878787878788
Why does joebiden hate black teenagers BlackLivesMatter Jobs Biden RandPaul;-0.48333333333333334
20 reasons to celebrate the end of the Trump Presidency CounterBlast cogg6Fy1kTQR Trump Biden marr ridge;0.0
Aluminum Association makes policy recommendations to Biden administrationco3uQ2t8lywWAluminum coSlVkeRI72N;0.0
Climate The EU got its wish when US President Joe Biden issued an order to reenter the coOnzCLEEAMR;0.0
Bidens presidency the warmakers and the antiwar movement in the US coKlUVo61Lt6 Biden StopWar marr ridge;0.0
Medicare4All COVID19 Corruption Biden Biden WEAKENS Healthcare Plan For Insurance Lobbyists co7LGa3OrcrJ via YouTube;0.0
US support for Taiwan rocksolid after China sends warplanes Washington pledges to deepen ties with Taiwan aft co1wzX9epZRz;0.0
EIA Update Part 13 Biden Policy Change Impacts with markfny coEydP0gXXxDBigOil BigData PVN co1Ax6w4ZGHF;0.0
Biden winning campaign was backed by 145 million in socalled dark money donationa type of fundraising cobIqN2nijWf;0.175
WalkforLife 2021 Confronts Biden Administration cofz63UQXULN prolifesf CAProLife PPFA PPact coDuABNXrRnj;0.0
coXz331JarVJBecome part of the ethereum mining revolution accept invitation and start free mining now coNDnnAxMQXX;0.4
Thats quite the oversight there libtards She cant be the first female VP if you want to remove acknowledging gen coVofeE8FfHt;0.125
US President Biden apologises over troops sleeping in underground car parkingFirst Lady Jill Biden brings bi conMFC48bAeL;0.0
The new White House maid does look a bit suspiciousTrump trump2020 WhiteHouse SleepyJoe biden BidenHarris conI0dE1GQEY;0.06818181818181818
No he doesnt Biden only needs to be himself and do his best Hes already a saviour by not being Trump coRzlaL0KtCr;0.5
AirPollutionCOVID19More than 10 fewer EmissionsClimateChange ClimateAction Sustainability USA uk cohUTFyrm1kh;0.0
People I spoke to werent necessarily political before wrote Seddon but what Russia did to Navalny infuriated coWWRs0TwSX1;0.0
Interestingbiden can write using left or right handBidenHarrisInauguration bidendestroys coaDPmW5Ut7p;0.14285714285714285
Bidens LGBTQ Executive Order Is Just the Start Here Are the Other ProEquality Actions the Administration Is T coHt1F3KRsVE;-0.125
co86jq4Wo5WHPremium domainname for saleMake an offer today coZYCyq73F1XEntrepreneur coHgiCyBh5v2;0.0
Wow Biden acknowledging US complicity in slaughtering of innocent civiliansThats refreshingGenocide Yemen coL7qVgZisna;0.3
Joe Biden family locked outside White House due to this act by Donald Trumpformalnews newsupdate dailynews com7G9r0FzNr;-0.041666666666666664
Barred From US Under Trump Muslims Exult in Bidens Open Door unitedstates US coF5NPm84aSM;0.0
SundayHeadlinesJanuary 24 2021StaySafeSource thenationnewspaper thenationnewspaper pdp apc politics comW9O0zTSsx;0.0
coUtrNCbo0WCgrocerydelivery com is 172500 Free escrow paymenttransferMake an offer coSZXKyqdjhw;0.4
Medicare4All COVID19 BidenDavid Sirota Biden CAUGHT Lifting Healthcare Plan From Insurance Companies coqfHHrcFs8R;0.0
Biden betrays voters over 2000 Checks AOC has no power and no leverage left she wants a clean 2000 but s coaAOSPPycXn;0.18888888888888888
Breaking watch Biden closelyhe will have an authoritarian presidency too Folks were mad about Trump and hi coUFwLduysNr;-0.625
WalkforLife 2021 Confronts Biden Administration coysmN4XkaT6 walkforlife JoeBiden WhiteHouse coAYyPI2wAQA;0.0
BuccaneersPackers Previewbreakingnews news china trump biden photobreaknnews buccaneerspackers nfl coe6gaChmvop;0.0
JoeBiden biden take actionStopWarOnTigray stop genocide on tigraystopkilling innocent people in tigray;0.5
Teheheee I voted for biden but I dont understand where my money is confQTEOP3yo;0.0
OH MY GOD Did you hear what TRUMP did today Me neither CheersBiden BidenHarrisObamaTrumpMeltdown comduJJ3ouTn;0.0
CHINA JOE biden JoeBiden china codSnwfUwICH;0.0
Some Americans getting butt hurt about Biden wearing a Rolex Youre gonna have an aneurysm when you see how much co62qszyclri;0.2
Bidens message to all friends of CesarChavez and MLK around the world having your bust in the Oval Office does coNgB6ldZBx1;0.0
Biden Vaticano WashingtonHeights The more we are nearing the perfection of state the more it will bring to lig comIzfuvmucL;0.5
Anonymous donors gave a record 145 MILLION to unofficial groups backing the Biden campaign socalled conjEUiVF5ta;0.0
UPDATE Killing more Texas jobs 2 days 2 attacks on TX energy jobs After killing KeystoneXL pipeline coP5gxkqhuN5;0.5
An early test for Biden But Taiwans sovereign independence must be upheld not just against the CCP but also ag co9by8CZjwcF;0.1
Kamala Harris as president would be terrible thing for the country and for the worldthoughBiden coaQogTCdBsv;-1.0
DouglasKMurray UPDATE Killing more Texas jobs 2 days 2 attacks on TX energy jobs After killing colptFRgMXwv;0.5
Call lasted for around 35 min amp was first conversation Joe Biden had w a European leader as president One thing conUQCpj1KPX;0.125
What are the new US combat troops doing in Syria Are they finally gonna go after Assad to get what they really coSjestSnojY;0.11212121212121212
nila3333 Bidens Top Diplomat Pick on China ThreatUS Secretary of State Blinken said I also believe that Tr coBSHZJNqrG4;0.5
UK PM Johnson is Not Happy with Mr Bidens Stance on TradeBREXIT trade US UK Trump Johnson Biden Saturday coUeJbvhpmi8;-0.4
Even without Trump US democracy looks shaky coW32J2vY5gQUSA Biden Trump election democracy copfUkqa3gEH;-0.3333333333333333
US Senate Finance Committee approved President Joe Bidens nomination of Janet Yellen to be the next treasury sec cobcYwcTmpJ3;-0.05
Biden sworn in Turkey now trying to cozy up to the EU Wonder why EUpoliticians use it whilst u can perfec coQi9efo2Wnp;-0.19999999999999998
Prison Camps for Covid 19 Troublemaker open up now all over Germany Please share Covid19 Biden Lockdown coKhJMLEzOlG;0.0
HELLO BOJO Boris Johnson is the first European leader to receive a phone call from President Joe BidenNEW US Pres coEIaVlppzqc;0.125
Turks that most uncivilised people on this planetStopTerrorism StopErdogan Stopantisemitism Biden coXmVwlEwteg;0.5
Biden appears to be the better candidate However he did write legislation to create mass incarceration running coPagXDLjgxY;0.5
Snow this morning unifying everything for a moment before quickly turning into slush Why has Biden chosen to dis co5sQ9D1QQOn;0.3333333333333333
The Rubbery Faced Puppet Show Maskless Fke Prez for the fake real cowGDUZ4hNF6 via YouTube W coY6gzVszBSf;-0.15
nicetryofficer SueKvanvig A REAL PRESIDENT WHO TAKES CARE OF AMERICANS Biden COVID19;0.2
Is there a term for mega ratiod guardian guardiansport bidenwomensaports coEicSOOpne7;0.0
Amanda Gorman recites stunning poem at Biden inaugurationcowyzk61dw2i coJ7HLlOo0l7;0.5
Who will win tomorrows FACupWembley between ManUtd and LFC coI1tfj6Hw51berniesmittens EPL coOHuAswrpj7;0.8
2 United States President Biden takes the decision to Dep com8LGNgwVnG;0.0
Those who voted for Biden have been screwed;0.0
Biden Johnson Discuss Need for Coordination on Iran coSRkZjbIllq;0.0
From centrist to a RadicalLeftistAgenda in 4 days That Biden kicks some ass co8lEyA0HNEG;0.0
Biden at his best LOL There is NOTHING that can be done to prevent another 200000 Americans from dying in t com6KYWrD6nn;0.9
FEMA would operate up to 100 federally run mass vaccination sites under POTUS plan jrpsaki Biden unitedstates cogTQT1M6Fdr;0.0
Iran calls on Biden to unconditionally lift sanctions;0.0
Uneasy lies the head that wears a crownBiden coGnSGlROXGU;0.0
Algeria AlgerieCoronavirus COVID19 WhiteHouse USAMoroccoWesternSaharaWestern S coEFDb9hBDDv;0.0
America has a chance for change It needs to take it This means completely overhauling the systems of inequit co70iS5qHNEl;0.1
coTWZ2gMEVFXChina testing Biden;0.0
I think its funny people who fell and continue to fall for the same basic principles of groupthink are mocking the coliqvzxUhZY;0.08333333333333333
Biden is already a horrible President And he is not our President after alltrump2021 biden notmypresident;-1.0
Dear MAGA Biden won FuckYourFeelings;0.0
USA BidenThe limits of Bidens plan to rescue US foreign policycoB1Zt3pwx6f;-0.125
She helped fake it JussieSmollett HateCrime HateSpeech falseflag BidenErasedWomen Biden Feminism conG4M0CcPnY;-0.5
Biden passing a death sentence on many with diabetes in the USA Who cant afford insulin coRVJESKxKQ2;0.5
Biden keeps out Democrats with RSS linksObama administration staffer Sonal Sh covwSFYPlYF5;0.0
After signing all those executive actions Biden has cleared his calendar for weekend get away coZw1cMP0bEC;0.0
